nombre,lat,lon,sistema,municipio_asignado
20 de Noviembre,19.42932,-99.13402,Metro/Metrobús,
Pino Suárez Sur,19.4261,-99.13421,Metro/Metrobús,
San Pablo,19.42558,-99.1307,Metro/Metrobús,
Mercado Sonora Sur,19.42311,-99.1267,Metro/Metrobús,
Glorieta Cuitláhuac,19.44742,-99.13578,Metro/Metrobús,
Ganaderos,19.35014,-99.11081,Metro/Metrobús,
Ganaderos,19.35014,-99.11095,Metro/Metrobús,
Churubusco Oriente,19.37156,-99.10775,Metro/Metrobús,
Churubusco Oriente,19.37163,-99.10799,Metro/Metrobús,
Aculco,19.37491,-99.10789,Metro/Metrobús,
Aculco,19.37485,-99.10807,Metro/Metrobús,
Apatlaco,19.37808,-99.109,Metro/Metrobús,
Apatlaco,19.37805,-99.10915,Metro/Metrobús,
Canal de Apatlaco,19.38283,-99.11082,Metro/Metrobús,
Canal de Apatlaco,19.38281,-99.11095,Metro/Metrobús,
Colegio de Bachilleres 3,19.38632,-99.11163,Metro/Metrobús,
Colegio de Bachilleres 3,19.38632,-99.11173,Metro/Metrobús,
Recreo,19.39379,-99.11357,Metro/Metrobús,
Recreo,19.39389,-99.11368,Metro/Metrobús,
Moctezuma,19.42631,-99.11136,Metro/Metrobús,
Moctezuma,19.42606,-99.11144,Metro/Metrobús,
San Lázaro Sur,19.4304,-99.11533,Metro/Metrobús,
Río Consulado,19.45359,-99.10834,Metro/Metrobús,
Río Consulado,19.45369,-99.10854,Metro/Metrobús,
Río Santa Coleta,19.45599,-99.10741,Metro/Metrobús,
Río Santa Coleta,19.45608,-99.10756,Metro/Metrobús,
Oriente 101,19.46083,-99.10542,Metro/Metrobús,
Oriente 101,19.4609,-99.10568,Metro/Metrobús,
Victoria,19.4673,-99.10263,Metro/Metrobús,
Victoria,19.46742,-99.10291,Metro/Metrobús,
Talisman,19.471,-99.1011,Metro/Metrobús,
Talisman,19.47108,-99.10141,Metro/Metrobús,
Río de Guadalupe,19.47594,-99.09895,Metro/Metrobús,
Río de Guadalupe,19.47607,-99.0993,Metro/Metrobús,
San Juan de Aragón,19.47984,-99.09731,Metro/Metrobús,
San Juan de Aragón,19.47996,-99.09772,Metro/Metrobús,
Preparatoria 3,19.4833,-99.09583,Metro/Metrobús,
Preparatoria 3,19.4836,-99.09618,Metro/Metrobús,
El Coyol,19.48746,-99.09401,Metro/Metrobús,
El Coyol,19.48746,-99.09447,Metro/Metrobús,
Vasco de Quiroga,19.4932,-99.09159,Metro/Metrobús,
Vasco de Quiroga,19.49335,-99.09202,Metro/Metrobús,
5 de Mayo,19.49699,-99.08996,Metro/Metrobús,
5 de Mayo,19.49716,-99.09044,Metro/Metrobús,
314 Memorial New's Divine,19.50053,-99.08847,Metro/Metrobús,
314 Memorial New's Divine,19.50088,-99.08891,Metro/Metrobús,
Pueblo Sta. Cruz Atoyac,19.37159,-99.16098,Metro/Metrobús,
Tláhuac,19.28602,-99.0142,Metro/Metrobús,
Tlaltenco,19.29435,-99.02403,Metro/Metrobús,
Zapotitlán,19.29666,-99.03431,Metro/Metrobús,
Nopalera,19.29996,-99.04599,Metro/Metrobús,
Olivos,19.30432,-99.05951,Metro/Metrobús,
Tezonco,19.30631,-99.06527,Metro/Metrobús,
Periférico Oriente,19.31761,-99.07451,Metro/Metrobús,
Calle 11,19.32047,-99.08587,Metro/Metrobús,
Lomas Estrella,19.32215,-99.09575,Metro/Metrobús,
San Andrés Tomatlán,19.32815,-99.10452,Metro/Metrobús,
Culhuacán,19.33685,-99.10896,Metro/Metrobús,
Atlalilco,19.35275,-99.10624,Metro/Metrobús,
Mexicaltzingo,19.35776,-99.12314,Metro/Metrobús,
Ermita,19.359820000000006,-99.14163,Metro/Metrobús,
Eje Central,19.36134,-99.15142,Metro/Metrobús,
Parque de los Venados,19.37066,-99.15872,Metro/Metrobús,
Zapata,19.37085,-99.1656,Metro/Metrobús,
Hospital 20 de Noviembre,19.37201,-99.17088,Metro/Metrobús,
Insurgentes Sur,19.37355,-99.17825,Metro/Metrobús,
Mixcoac,19.3757,-99.18673,Metro/Metrobús,
Buenavista,19.44619,-99.15235,Metro/Metrobús,
Guerrero,19.44514,-99.14614,Metro/Metrobús,
Garibaldi y Lagunilla,19.44389,-99.13787,Metro/Metrobús,
Lagunilla,19.44322,-99.13023,Metro/Metrobús,
Tepito,19.44279,-99.12407,Metro/Metrobús,
Morelos,19.43917,-99.11957,Metro/Metrobús,
San Lázaro,19.43237,-99.11296,Metro/Metrobús,
Ricardo Flores Magón,19.43657,-99.10371,Metro/Metrobús,
Romero Rubio,19.44084,-99.0942,Metro/Metrobús,
Oceanía,19.44569,-99.08722,Metro/Metrobús,
Deportivo Oceanía,19.45101,-99.07933,Metro/Metrobús,
Bosque de Aragón,19.45809,-99.06929,Metro/Metrobús,
Villa de Aragón,19.46167,-99.06138,Metro/Metrobús,
Nezahualcóyotl,19.47289,-99.05461,Metro/Metrobús,
Impulsora,19.48575,-99.04896,Metro/Metrobús,
Río de los Remedios,19.49069,-99.04679,Metro/Metrobús,
Múzquiz,19.50149,-99.04207,Metro/Metrobús,
Ecatepec,19.51513,-99.03607,Metro/Metrobús,
Olímpica,19.52135,-99.03334,Metro/Metrobús,
Plaza Aragón,19.52848,-99.03018,Metro/Metrobús,
Ciudad Azteca,19.53451,-99.02751,Metro/Metrobús,Ecatepec de Morelos
La Paz,19.35056,-98.96094,Metro/Metrobús,
Los Reyes,19.35904,-98.97687,Metro/Metrobús,Chimalhuacán
Santa Marta,19.36031,-98.99518,Metro/Metrobús,Nezahualcóyotl
Acatitla,19.36472,-99.00567,Metro/Metrobús,Nezahualcóyotl
Penón Viejo,19.37331,-99.01705,Metro/Metrobús,Nezahualcóyotl
Guelatao,19.38515,-99.03566,Metro/Metrobús,Nezahualcóyotl
Tepalcates,19.39128,-99.04633,Metro/Metrobús,Nezahualcóyotl
Canal de San Juan,19.39876,-99.05942,Metro/Metrobús,Nezahualcóyotl
Agrícola Oriental,19.40462,-99.06957,Metro/Metrobús,Nezahualcóyotl
Pantitlán,19.4153,-99.07192,Metro/Metrobús,
Pantitlán,19.41535,-99.07221,Metro/Metrobús,
Puebla,19.40719,-99.08239,Metro/Metrobús,
Ciudad Deportiva,19.40843,-99.09125,Metro/Metrobús,
Velódromo,19.40854,-99.10316,Metro/Metrobús,
Mixiuhca,19.40837,-99.11297,Metro/Metrobús,
Jamaica,19.4091,-99.12235,Metro/Metrobús,
Chabacano,19.40851,-99.13397,Metro/Metrobús,
Lázaro Cárdenas,19.40722,-99.14463,Metro/Metrobús,
Centro Médico,19.40656,-99.15603,Metro/Metrobús,
Chilpancingo,19.40593,-99.16852,Metro/Metrobús,
Patriotismo,19.40611,-99.17892,Metro/Metrobús,
Tacubaya,19.40146,-99.18776,Metro/Metrobús,
Constitución de 1917,19.34597,-99.0638,Metro/Metrobús,
UAM-I,19.35106,-99.07482,Metro/Metrobús,
Cerro de la Estrella,19.35605,-99.08562,Metro/Metrobús,
Iztapalapa,19.35783,-99.09345,Metro/Metrobús,
Atlalilco,19.35608,-99.10131,Metro/Metrobús,
Escuadrón 201,19.36484,-99.10948,Metro/Metrobús,
Aculco,19.37321,-99.1077,Metro/Metrobús,
Apatlaco,19.3791,-99.10949,Metro/Metrobús,
Iztacalco,19.38829,-99.11211,Metro/Metrobús,
Coyuya,19.3983,-99.11348,Metro/Metrobús,
Santa Anita,19.40412,-99.12066,Metro/Metrobús,
La Viga,19.40671,-99.12627,Metro/Metrobús,
Chabacano,19.41021,-99.13375,Metro/Metrobús,
Obrera,19.41324,-99.14404,Metro/Metrobús,
Doctores,19.42155,-99.14319,Metro/Metrobús,
Salto del Agua,19.42772,-99.14185,Metro/Metrobús,
San Juan de Letrán,19.43158,-99.14125,Metro/Metrobús,
Bellas Artes,19.43701,-99.14042,Metro/Metrobús,
Garibaldi y Lagunilla,19.44400000000001,-99.139,Metro/Metrobús,
Barranca del Muerto,19.3615,-99.18926,Metro/Metrobús,
Mixcoac,19.37626,-99.18758,Metro/Metrobús,
San Antonio,19.38434,-99.18661,Metro/Metrobús,
San Pedro de los Pinos,19.39149,-99.18581,Metro/Metrobús,
Tacubaya,19.40219,-99.18675,Metro/Metrobús,
Constituyentes,19.41177,-99.19135,Metro/Metrobús,
Auditorio,19.42576,-99.19203,Metro/Metrobús,
Polanco,19.43355,-99.19093,Metro/Metrobús,
San Joaquín,19.44501,-99.19177,Metro/Metrobús,
Tacuba,19.45823,-99.18717,Metro/Metrobús,
Refinería,19.46947,-99.19051,Metro/Metrobús,
Camarones,19.47911,-99.19004,Metro/Metrobús,
Aquiles Serdán,19.49064,-99.19535,Metro/Metrobús,
El Rosario,19.50474,-99.20012,Metro/Metrobús,
Martín Carrera,19.48294,-99.10748,Metro/Metrobús,
La Villa y Basílica,19.48174,-99.11837,Metro/Metrobús,
Deportivo 18 de Marzo,19.48348,-99.1253,Metro/Metrobús,
Lindavista,19.48811,-99.13507,Metro/Metrobús,
Instituto del Petróleo,19.49104,-99.14813,Metro/Metrobús,
Vallejo,19.48985,-99.156,Metro/Metrobús,
Norte 45,19.48867000000001,-99.16299,Metro/Metrobús,
Ferrería y Arena Ciudad de México,19.49067,-99.17415,Metro/Metrobús,
UAM Azcapotzalco,19.49091,-99.18627,Metro/Metrobús,
Tezozómoc,19.4949,-99.19602,Metro/Metrobús,
El Rosario,19.50463,-99.19977,Metro/Metrobús,
Pantitlán,19.4151,-99.07433,Metro/Metrobús,
Hangares,19.42435,-99.08813,Metro/Metrobús,
Terminal Aérea,19.43427,-99.08808,Metro/Metrobús,
Oceanía,19.44502,-99.08687,Metro/Metrobús,
Aragón,19.45126,-99.09621,Metro/Metrobús,
Eduardo Molina,19.4514,-99.1053,Metro/Metrobús,
Consulado,19.45514,-99.11354,Metro/Metrobús,
Valle Gómez,19.45887,-99.11949,Metro/Metrobús,
Misterios,19.46311,-99.13024,Metro/Metrobús,
La Raza,19.46967,-99.13652,Metro/Metrobús,
Autobuses del Norte,19.47907,-99.14065,Metro/Metrobús,
Instituto del Petróleo,19.48934,-99.14471,Metro/Metrobús,
Politécnico,19.50068,-99.14921,Metro/Metrobús,
Santa Anita,19.40289,-99.1217,Metro/Metrobús,
Jamaica,19.41092,-99.12174,Metro/Metrobús,
Fray Servando,19.42159,-99.12053,Metro/Metrobús,
Candelaria,19.42876,-99.11943,Metro/Metrobús,
Morelos,19.43966,-99.11815,Metro/Metrobús,
Canal del Norte,19.44895,-99.11613,Metro/Metrobús,
Consulado,19.45802,-99.1139,Metro/Metrobús,
Bondojito,19.46463,-99.11198,Metro/Metrobús,
Talismán,19.47436,-99.10801,Metro/Metrobús,
Martín Carrera,19.48504,-99.10437,Metro/Metrobús,
Universidad,19.32435,-99.17394,Metro/Metrobús,
Copilco,19.3361,-99.17697,Metro/Metrobús,
Miguel Ángel de Quevedo,19.34625,-99.18076,Metro/Metrobús,
Viveros y  Derechos Humanos,19.35346,-99.176,Metro/Metrobús,
Coyoacán,19.36136,-99.17086,Metro/Metrobús,
Zapata,19.37119,-99.16451,Metro/Metrobús,
División del Norte,19.37918,-99.15948,Metro/Metrobús,
Eugenia,19.38617,-99.1572,Metro/Metrobús,
Etiopía y Plaza de la Transparencia,19.39592,-99.15603,Metro/Metrobús,
Centro Médico,19.40773,-99.15515,Metro/Metrobús,
Hospital General,19.41376,-99.15325,Metro/Metrobús,
Niños Héroes y  Poder Judicial CDMX,19.41948,-99.15036,Metro/Metrobús,
Balderas,19.42648,-99.14906,Metro/Metrobús,
Juárez,19.43325,-99.14768,Metro/Metrobús,
Hidalgo,19.43738,-99.14678,Metro/Metrobús,
Guerrero,19.44473,-99.14519,Metro/Metrobús,
Tlatelolco,19.45506,-99.14313,Metro/Metrobús,
La Raza,19.46888,-99.13951,Metro/Metrobús,
Potrero,19.47719,-99.13201,Metro/Metrobús,
Deportivo 18 de Marzo,19.48511,-99.1255,Metro/Metrobús,
Indios Verdes,19.49534,-99.11951,Metro/Metrobús,
Tasqueña,19.34376,-99.13953,Metro/Metrobús,
General Anaya,19.35324,-99.14501,Metro/Metrobús,
Ermita,19.36198,-99.1429,Metro/Metrobús,
Portales,19.36992,-99.14157,Metro/Metrobús,
Nativitas,19.38005,-99.14002,Metro/Metrobús,
Villa de Cortés,19.38758,-99.13896,Metro/Metrobús,
Xola,19.39521,-99.13781,Metro/Metrobús,
Viaducto,19.40087,-99.1369,Metro/Metrobús,
Chabacano,19.40918,-99.13562,Metro/Metrobús,
San Antonio Abad,19.41602,-99.13454,Metro/Metrobús,
Pino Suárez,19.42438,-99.13294,Metro/Metrobús,
Zócalo,19.4325,-99.13225,Metro/Metrobús,
Allende,19.43556,-99.13687,Metro/Metrobús,
Bellas Artes,19.43638,-99.14161,Metro/Metrobús,
Hidalgo,19.43755,-99.14722,Metro/Metrobús,
Revolución,19.43923,-99.15423,Metro/Metrobús,
San Cosme,19.4419,-99.16066,Metro/Metrobús,
Normal,19.44456,-99.16727,Metro/Metrobús,
Colegio Militar,19.44927,-99.17178,Metro/Metrobús,
Popotla,19.45291,-99.17549,Metro/Metrobús,
Cuitláhuac,19.45725,-99.1815,Metro/Metrobús,
Tacuba,19.45938,-99.18823,Metro/Metrobús,
Panteones,19.45864,-99.20295,Metro/Metrobús,
Cuatro Caminos,19.45959,-99.21584,Metro/Metrobús,
Pantitlán,19.41633,-99.07474,Metro/Metrobús,
Zaragoza,19.41192,-99.08229,Metro/Metrobús,
Gómez Farías,19.41648,-99.09021,Metro/Metrobús,
Boulevard Puerto Aéreo,19.41994,-99.09626,Metro/Metrobús,
Balbuena,19.42336,-99.10277,Metro/Metrobús,
Moctezuma,19.42685,-99.1098,Metro/Metrobús,
San Lázaro,19.43006,-99.11426,Metro/Metrobús,
Candelaria,19.42954,-99.12091,Metro/Metrobús,
Merced,19.42549,-99.12503,Metro/Metrobús,
Pino Suárez,19.42592,-99.13264,Metro/Metrobús,
Isabel la Católica,19.42639,-99.13783,Metro/Metrobús,
Salto del Agua,19.42695,-99.14341,Metro/Metrobús,
Balderas,19.427,-99.14948,Metro/Metrobús,
Cuauhtémoc,19.42566,-99.1546,Metro/Metrobús,
Insurgentes,19.42365,-99.16329,Metro/Metrobús,
Sevilla,19.42185,-99.17112,Metro/Metrobús,
Chapultepec ,19.42075,-99.17642,Metro/Metrobús,
Juanacatlán,19.41295,-99.18198,Metro/Metrobús,
Tacubaya,19.40251,-99.18764,Metro/Metrobús,
Observatorio,19.39828,-99.2004,Metro/Metrobús,
Campo Marte,19.42664,-99.19944,Metro/Metrobús,
Campo Marte,19.42703,-99.19946,Metro/Metrobús,
Auditorio,19.42572,-99.1936,Metro/Metrobús,
Auditorio,19.42609,-99.19339,Metro/Metrobús,
Antropología,19.42462,-99.18566,Metro/Metrobús,
Antropología,19.42472,-99.18441,Metro/Metrobús,
Gandhi,19.42389,-99.18091,Metro/Metrobús,
Gandhi,19.42407,-99.18014,Metro/Metrobús,
Chapultepec,19.42359,-99.17467,Metro/Metrobús,
Chapultepec,19.42406,-99.17427,Metro/Metrobús,
La Diana,19.42459,-99.17254,Metro/Metrobús,
La Diana,19.42563,-99.17092,Metro/Metrobús,
El Ángel,19.42642,-99.16866,Metro/Metrobús,
El Ángel,19.42665,-99.16876,Metro/Metrobús,
Ahuehuete,19.42804,-99.16518,Metro/Metrobús,
Ahuehuete,19.42851,-99.16479,Metro/Metrobús,
Hamburgo,19.42918,-99.16279,Metro/Metrobús,
Hamburgo,19.43005,-99.16153,Metro/Metrobús,
Reforma,19.43111,-99.15854,Metro/Metrobús,
Reforma,19.43143,-99.15871,Metro/Metrobús,
París,19.4324,-99.15597,Metro/Metrobús,
París,19.4326,-99.15615,Metro/Metrobús,
Amajac,19.43353,-99.15358,Metro/Metrobús,
Amajac,19.434,-99.15316,Metro/Metrobús,
El Caballito,19.43503,-99.15039,Metro/Metrobús,
El Caballito,19.43607,-99.14906,Metro/Metrobús,
Hidalgo,19.43663,-99.1476,Metro/Metrobús,
Hidalgo,19.43787,-99.14638,Metro/Metrobús,
Glorieta Violeta,19.43955,-99.1441,Metro/Metrobús,
Glorieta Violeta,19.44155,-99.14234,Metro/Metrobús,
Garibaldi,19.44351,-99.13955,Metro/Metrobús,
Garibaldi,19.44486,-99.1387,Metro/Metrobús,
Glorieta Cuitláhuac,19.44725,-99.13564,Metro/Metrobús,
Glorieta Cuitláhuac,19.44947,-99.13399,Metro/Metrobús,
Tres Culturas,19.45072,-99.13262,Metro/Metrobús,
Tres Culturas,19.45126,-99.13258,Metro/Metrobús,
Peralvillo,19.45274,-99.13102,Metro/Metrobús,
Peralvillo,19.45371,-99.13081,Metro/Metrobús,
Mercado Beethoven,19.45714,-99.12928,Metro/Metrobús,
Mercado Beethoven,19.45761,-99.12918,Metro/Metrobús,
Misterios,19.46107,-99.12764,Metro/Metrobús,
Misterios,19.46239,-99.12732,Metro/Metrobús,
Clave,19.46441,-99.12648,Metro/Metrobús,
Clave ,19.46494,-99.12636,Metro/Metrobús,
Robles Domínguez,19.46684,-99.12557,Metro/Metrobús,
Robles Domínguez,19.46862,-99.12498,Metro/Metrobús,
Excélsior,19.47059,-99.12416,Metro/Metrobús,
Excélsior,19.47232,-99.1236,Metro/Metrobús,
Necaxa,19.47514,-99.12246,Metro/Metrobús,
Necaxa,19.47648,-99.12203,Metro/Metrobús,
Av. Talismán,19.47849,-99.1212,Metro/Metrobús,
Av. Talismán,19.47899,-99.12108,Metro/Metrobús,
Garrido,19.48305,-99.11948,Metro/Metrobús,
Garrido,19.4835,-99.11936,Metro/Metrobús,
Delegación Gustavo A. Madero,19.48368,-99.11392,Metro/Metrobús,
Hospital Infantil La Villa,19.48708,-99.11381,Metro/Metrobús,
De Los Misterios,19.4876,-99.11783,Metro/Metrobús,
Indios Verdes,19.4933,-99.121,Metro/Metrobús,
482,19.46686,-99.07552,Metro/Metrobús,
414,19.46843,-99.07159,Metro/Metrobús,
Villa de Aragón,19.464920000000006,-99.05952,Metro/Metrobús,
Francisco Morazán,19.46705,-99.06183,Metro/Metrobús,
Colegio de Bachilleres 9,19.4698,-99.065,Metro/Metrobús,
416 Oriente,19.47114,-99.07091,Metro/Metrobús,
La Pradera,19.47313,-99.06867,Metro/Metrobús,
Volcán de Fuego,19.47697,-99.07252,Metro/Metrobús,
Ampliación Providencia,19.47985,-99.0753,Metro/Metrobús,
Deportivo Los Galeana,19.47846,-99.07805,Metro/Metrobús,
416 Poniente,19.472520000000006,-99.07938,Metro/Metrobús,
Loreto Fabela,19.4674,-99.08098,Metro/Metrobús,
Pueblo San Juan de Aragón,19.47101,-99.08636,Metro/Metrobús,
Casas Alemán,19.47432,-99.08837,Metro/Metrobús,
Gran Canal,19.47709,-99.09293,Metro/Metrobús,
San Juan de Aragón,19.47876,-99.09717,Metro/Metrobús,
Hospital General La Villa,19.48037,-99.10119,Metro/Metrobús,
Martín Carrera,19.48204,-99.10534,Metro/Metrobús,
Delegación Gustavo A. Madero,19.48389,-99.11234,Metro/Metrobús,
Hospital Infantil La Villa,19.48804,-99.1147,Metro/Metrobús,
De Los Misterios,19.48721,-99.11795,Metro/Metrobús,
La Villa,19.48543,-99.1196,Metro/Metrobús,
Deportivo 18 de Marzo,19.4866,-99.1224,Metro/Metrobús,
Riobamba,19.48865,-99.1279,Metro/Metrobús,
Instituto Politécnico Nacional,19.49043,-99.13265,Metro/Metrobús,
San Bartolo,19.49196,-99.13911,Metro/Metrobús,
Instituto del Petróleo,19.49315,-99.14517,Metro/Metrobús,
Lindavista - Vallejo,19.49378,-99.14804,Metro/Metrobús,
Montevideo,19.49488,-99.15306,Metro/Metrobús,
Norte 45,19.49635,-99.15975,Metro/Metrobús,
Norte 59,19.49762,-99.16555,Metro/Metrobús,
Tecnoparque,19.50247,-99.17888,Metro/Metrobús,
UAM Azcapotzalco,19.50401,-99.18399,Metro/Metrobús,
Ferocarriles Nacionales,19.50487,-99.1886,Metro/Metrobús,
De Las Culturas,19.51094,-99.19261,Metro/Metrobús,
Colegio de Bachilleres 1,19.51164,-99.19731,Metro/Metrobús,
El Rosario,19.50717,-99.19955,Metro/Metrobús,
Preparatoria 1,19.27351,-99.12051,Metro/Metrobús,
DIF Xochimilco,19.27747,-99.11809,Metro/Metrobús,
Circuito Cuemanco,19.28104,-99.1168,Metro/Metrobús,
Muyuguarda,19.28522,-99.11549,Metro/Metrobús,
Cañaverales,19.29541,-99.11449,Metro/Metrobús,
Calzada del Hueso,19.30091,-99.11354,Metro/Metrobús,
Vista Hermosa,19.30681,-99.11179,Metro/Metrobús,
Las Bombas,19.31147,-99.11074,Metro/Metrobús,
Tepetlapa,19.31634,-99.11163,Metro/Metrobús,
La Virgen,19.32068,-99.11362,Metro/Metrobús,
Manuela Sáenz,19.32421,-99.11397,Metro/Metrobús,
ESIME Culhuacán,19.32921,-99.11354,Metro/Metrobús,
Cafetales,19.33372,-99.11315,Metro/Metrobús,
Calzada Taxqueña,19.33876,-99.113,Metro/Metrobús,
Barrio San Antonio,19.34313,-99.11244,Metro/Metrobús,
Pueblo los Reyes,19.34798,-99.11134,Metro/Metrobús,
Ermita Iztapalapa,19.35663,-99.11134,Metro/Metrobús,
Atanasio G. Saravia,19.36126,-99.11028,Metro/Metrobús,
Escuadrón 201,19.36604,-99.10919,Metro/Metrobús,
Oriente 116,19.39026,-99.11266,Metro/Metrobús,
Metro Coyuya,19.39939,-99.11353,Metro/Metrobús,
Hospital General Troncoso,19.40546,-99.11357,Metro/Metrobús,
Mixiuhca,19.4082,-99.11328,Metro/Metrobús,
Avenida del Taller,19.41278,-99.11282,Metro/Metrobús,
Venustiano Carranza,19.41837,-99.11222,Metro/Metrobús,
San Lázaro Norte,19.43122,-99.1152,Metro/Metrobús,
Archivo General de la Nación,19.43726,-99.11438,Metro/Metrobús,
Mercado Morelos,19.44128,-99.11343,Metro/Metrobús,
Deportivo Eduardo Molina,19.44478,-99.11212,Metro/Metrobús,
Canal del Norte,19.4496,-99.11037,Metro/Metrobús,
Río de los Remedios,19.50711,-99.08593,Metro/Metrobús,
Alameda Oriente,19.43077,-99.05338,Metro/Metrobús,Nezahualcóyotl
Calle 6,19.42111,-99.05852,Metro/Metrobús,Nezahualcóyotl
Pantitlán,19.41707,-99.07345,Metro/Metrobús,
Terminal 2 - Aeropuerto,19.42148,-99.07725,Metro/Metrobús,
Terminal 1 - Aeropuerto,19.43531,-99.08367,Metro/Metrobús,
San Lázaro Oriente,19.43091,-99.11517,Metro/Metrobús,
San Lázaro,19.43112,-99.11543,Metro/Metrobús,
Archivo General de la Nación,19.43497,-99.11462,Metro/Metrobús,
Archivo General de la Nación,19.43536,-99.11518,Metro/Metrobús,
Morelos,19.43579,-99.11824,Metro/Metrobús,
Morelos,19.43581,-99.119,Metro/Metrobús,
Ferrocarril de Cintura,19.43614,-99.12081,Metro/Metrobús,
Ferrocarril de Cintura,19.436,-99.12161,Metro/Metrobús,
Mixcalco,19.43636,-99.12341,Metro/Metrobús,
Mixcalco,19.43632,-99.12416,Metro/Metrobús,
Teatro del Pueblo,19.43685,-99.12704,Metro/Metrobús,
Teatro del Pueblo,19.436770000000006,-99.12762,Metro/Metrobús,
República de Argentina,19.43736,-99.13119,Metro/Metrobús,
República de Argentina,19.43741,-99.132,Metro/Metrobús,
República de Chile,19.43788,-99.13502,Metro/Metrobús,
República de Chile,19.43797,-99.1359,Metro/Metrobús,
Teatro Blanquita,19.43843,-99.13908,Metro/Metrobús,
Teatro Blanquita,19.43864,-99.13997,Metro/Metrobús,
Bellas Artes,19.43641,-99.14172,Metro/Metrobús,
Bellas Artes,19.43641,-99.14182,Metro/Metrobús,
Hidalgo,19.4373,-99.14615,Metro/Metrobús,
Hidalgo ,19.43728,-99.14621,Metro/Metrobús,
Museo San Carlos,19.43823,-99.1506,Metro/Metrobús,
Museo San Carlos,19.438270000000006,-99.15078,Metro/Metrobús,
Moctezuma,19.42689,-99.11198,Metro/Metrobús,
Eduardo Molina,19.42718,-99.11623,Metro/Metrobús,
Hospital Balbuena,19.4251,-99.11615,Metro/Metrobús,
Cecilio Robelo,19.42548,-99.11904,Metro/Metrobús,
Cecilio Robelo,19.42517,-99.11987,Metro/Metrobús,
Mercado de Sonora,19.42318,-99.12392,Metro/Metrobús,
La Merced,19.42545,-99.12595,Metro/Metrobús,
Las Cruces Sur,19.42616,-99.12992,Metro/Metrobús,
Pino Suárez,19.42666,-99.13278,Metro/Metrobús,
Museo de la Ciudad,19.42893,-99.1328,Metro/Metrobús,
Isabel la Católica,19.42969,-99.13659,Metro/Metrobús,
Isabel la Católica,19.42962,-99.13701,Metro/Metrobús,
El Salvador,19.42987,-99.13854,Metro/Metrobús,
El Salvador,19.43007,-99.13942,Metro/Metrobús,
Eje Central ,19.4303,-99.1408,Metro/Metrobús,
Eje Central,19.43033,-99.14193,Metro/Metrobús,
Mercados San Juan,19.43061,-99.14355,Metro/Metrobús,
Mercados San Juan,19.43077000000001,-99.14465,Metro/Metrobús,
Juárez,19.43126,-99.14774,Metro/Metrobús,
Juárez ,19.43131,-99.14839,Metro/Metrobús,
Vocacional 5,19.43159,-99.15022,Metro/Metrobús,
Vocacional 5,19.43176,-99.15095,Metro/Metrobús,
Defensoría Pública,19.43311,-99.15063,Metro/Metrobús,
Defensoría Pública,19.43336,-99.15101,Metro/Metrobús,
Amajac,19.43416,-99.15353,Metro/Metrobús,
Amajac,19.43501,-99.15337,Metro/Metrobús,
Plaza de la República,19.4368,-99.15414,Metro/Metrobús,
Plaza de la República ,19.43713,-99.15398,Metro/Metrobús,
México Tenochtitlan,19.43864,-99.15346,Metro/Metrobús,
México Tenochtitlan ,19.43903,-99.15327,Metro/Metrobús,
Cuahutémoc ,19.44214,-99.15245,Metro/Metrobús,
Cuahutémoc,19.44259,-99.15242,Metro/Metrobús,
Buenavista,19.44486,-99.15227,Metro/Metrobús,
Miguel Laurent,19.37434,-99.16038,Metro/Metrobús,
División del Norte,19.37993,-99.15897,Metro/Metrobús,
Eugenia,19.38595,-99.15723,Metro/Metrobús,
Luz Saviñón,19.39091,-99.15644,Metro/Metrobús,
Obrero Mundial,19.40106,-99.1556,Metro/Metrobús,
Centro Médico,19.40727,-99.15513,Metro/Metrobús,
Dr. Márquez,19.41111,-99.15484,Metro/Metrobús,
Hospital General,19.41444,-99.15456,Metro/Metrobús,
Jardín Pushkin,19.4204,-99.15408,Metro/Metrobús,
Cuauhtémoc,19.42496,-99.1537,Metro/Metrobús,
Balderas,19.42807,-99.14874,Metro/Metrobús,
Juárez,19.43129,-99.14803,Metro/Metrobús,
Hidalgo,19.43601,-99.14721,Metro/Metrobús,
Mina,19.44058,-99.14855,Metro/Metrobús,
Guerrero,19.44603,-99.14721,Metro/Metrobús,
Ricardo Flores Magón,19.45178,-99.1459,Metro/Metrobús,
Tlatelolco,19.45556,-99.14505,Metro/Metrobús,
Tolnáhuac,19.45989,-99.14406,Metro/Metrobús,
Circuito,19.46329,-99.14406,Metro/Metrobús,
La Raza,19.46733,-99.14095,Metro/Metrobús,
Hospital La Raza,19.46799,-99.14385,Metro/Metrobús,
Héroe de Nacozari,19.47116,-99.14504,Metro/Metrobús,
Cuitláhuac,19.47415,-99.14616,Metro/Metrobús,
Coltongo,19.47985,-99.14833,Metro/Metrobús,
Magdalena de las Salinas,19.48388,-99.14986,Metro/Metrobús,
Poniente 128,19.48955,-99.15196,Metro/Metrobús,
Poniente 134,19.49269,-99.15317,Metro/Metrobús,
Montevideo,19.49611,-99.15446,Metro/Metrobús,
Poniente 146,19.49999,-99.15588,Metro/Metrobús,
La Patera,19.50366,-99.15727,Metro/Metrobús,
Júpiter,19.50861,-99.15924,Metro/Metrobús,
Tres Anegas,19.51551,-99.16193,Metro/Metrobús,
Progreso Nacional,19.51969,-99.16377,Metro/Metrobús,
San José de la Escalera,19.52272,-99.16556,Metro/Metrobús,
Tenayuca,19.52862,-99.17011,Metro/Metrobús,
Etiopía,19.397,-99.1559,Metro/Metrobús,
General Antonio de León,19.38538,-99.05173,Metro/Metrobús,Nezahualcóyotl
Tepalcates,19.39077,-99.04761,Metro/Metrobús,Nezahualcóyotl
Nicolás Bravo,19.3935,-99.05093,Metro/Metrobús,Nezahualcóyotl
Canal de San Juan ,19.39671,-99.05655,Metro/Metrobús,Nezahualcóyotl
Constitución de Apatztingán,19.38903,-99.05985,Metro/Metrobús,Nezahualcóyotl
CCH Oriente,19.38333,-99.06079,Metro/Metrobús,Nezahualcóyotl
Leyes de Reforma,19.38347000000001,-99.06582,Metro/Metrobús,Nezahualcóyotl
Del Moral,19.3842,-99.07092,Metro/Metrobús,
Río Frío,19.38763,-99.07428,Metro/Metrobús,
Rojo Gómez,19.38451,-99.07637,Metro/Metrobús,
Río Mayo,19.38696,-99.08002,Metro/Metrobús,
Río Tecolutla,19.38906,-99.08315,Metro/Metrobús,
El Rodeo,19.39166,-99.08708,Metro/Metrobús,
UPIICSA,19.39394,-99.09039,Metro/Metrobús,
Iztacalco,19.39655,-99.09596,Metro/Metrobús,
Goma,19.39689,-99.10001,Metro/Metrobús,
Tlacotal,19.39722,-99.10391,Metro/Metrobús,
Canela,19.39785,-99.10934,Metro/Metrobús,
Metro Coyuya,19.39828,-99.1136,Metro/Metrobús,
Coyuya,19.39828,-99.11678,Metro/Metrobús,
La Viga,19.39806,-99.12456,Metro/Metrobús,
Andrés Molina,19.39768,-99.1297,Metro/Metrobús,
Las Américas,19.39346,-99.13435,Metro/Metrobús,
Xola,19.39437,-99.14025,Metro/Metrobús,
Alamos,19.39475,-99.14294,Metro/Metrobús,
Centro SCOP,19.39525,-99.14676,Metro/Metrobús,
Doctor Vértiz,19.39561,-99.15171,Metro/Metrobús,
Etiopía,19.39584,-99.155,Metro/Metrobús,
Amores,19.39688,-99.16382,Metro/Metrobús,
Viaducto,19.40131,-99.16809,Metro/Metrobús,
Nuevo León,19.4035,-99.17041,Metro/Metrobús,
Escandón,19.40441,-99.17383,Metro/Metrobús,
Patriotismo,19.40557,-99.17737,Metro/Metrobús,
De La Salle,19.40759,-99.18351,Metro/Metrobús,
Antonio Maceo,19.40487000000001,-99.1859,Metro/Metrobús,
Tacubaya,19.40199,-99.18701,Metro/Metrobús,
Parque Lira,19.40779,-99.1891,Metro/Metrobús,
Buenavista,19.44613,-99.152,Metro/Metrobús,
Glorieta Insurgentes,19.42339,-99.16254,Metro/Metrobús,
Glorieta Insurgentes,19.42413,-99.16324,Metro/Metrobús,
El Caminero,19.27931,-99.16908,Metro/Metrobús,
La Joya,19.28032,-99.16999,Metro/Metrobús,
Santa Ursula,19.28326,-99.1753,Metro/Metrobús,
Fuentes Brotantes,19.2881,-99.1746,Metro/Metrobús,
Ayuntamiento,19.2926,-99.17754,Metro/Metrobús,
Corregidora,19.29407,-99.18103,Metro/Metrobús,
Villa Olímpica,19.29909,-99.18551,Metro/Metrobús,
Perisur,19.30411,-99.18613,Metro/Metrobús,
CCU,19.31516,-99.18753,Metro/Metrobús,
Ciudad Universitaria,19.32295,-99.18847,Metro/Metrobús,
Dr. Gálvez,19.34071,-99.19004,Metro/Metrobús,
La Bombilla,19.34682,-99.18773,Metro/Metrobús,
Altavista,19.3509,-99.18636,Metro/Metrobús,
Olivo,19.35463,-99.18516,Metro/Metrobús,
Francia,19.35848,-99.18391,Metro/Metrobús,
José María Velasco,19.36176,-99.18285,Metro/Metrobús,
Teatro de los Insurgentes,19.36493,-99.18183,Metro/Metrobús,
Río Churubusco,19.36878,-99.18057,Metro/Metrobús,
Felix Cuevas,19.37425,-99.1788,Metro/Metrobús,
Parque Hundido,19.37959,-99.17707,Metro/Metrobús,
Ciudad de los Deportes,19.38245,-99.17614,Metro/Metrobús,
Colonia del Valle,19.38569,-99.17509,Metro/Metrobús,
Nápoles,19.38969,-99.17379,Metro/Metrobús,
Poliforum,19.3933,-99.17262,Metro/Metrobús,
La Piedad,19.39797,-99.17111,Metro/Metrobús,
Nuevo León,19.40204,-99.16978,Metro/Metrobús,
Chilpancingo,19.40658,-99.1683,Metro/Metrobús,
Campeche,19.40977,-99.16727,Metro/Metrobús,
Sonora,19.41327,-99.16612,Metro/Metrobús,
Álvaro Obregón,19.41655,-99.16506,Metro/Metrobús,
Durango,19.41993,-99.16406,Metro/Metrobús,
Hamburgo,19.42752,-99.16124,Metro/Metrobús,
Reforma,19.4329,-99.15871,Metro/Metrobús,
Plaza de la República,19.43605,-99.15732,Metro/Metrobús,
Revolución,19.44035,-99.15541,Metro/Metrobús,
El Chopo,19.44335,-99.15441,Metro/Metrobús,
Buenavista,19.44684,-99.15313,Metro/Metrobús,
Manuel González,19.4571,-99.14893,Metro/Metrobús,
San Simón,19.45963,-99.14642,Metro/Metrobús,
Circuito,19.46261,-99.14401,Metro/Metrobús,
La Raza,19.4687,-99.13899,Metro/Metrobús,
Potrero,19.47664,-99.13247,Metro/Metrobús,
Euzkaro,19.48252,-99.12763,Metro/Metrobús,
Deportivo 18 de Marzo,19.48629,-99.12453,Metro/Metrobús,
Indios Verdes,19.49682,-99.11972,Metro/Metrobús,
París,19.4323947200457,-99.1559054549711,Metro/Metrobús,
Reforma,19.4311064831185,-99.1585442502942,Metro/Metrobús,
Hamburgo,19.4291701614317,-99.1627973407535,Metro/Metrobús,
El Ahuehuete,19.4280679007477,-99.1650586323921,Metro/Metrobús,
El Ángel,19.4264181434435,-99.1686575352059,Metro/Metrobús,
La Diana,19.4245828293295,-99.1725136283134,Metro/Metrobús,
Chapultepec,19.423587082951,-99.1746736074434,Metro/Metrobús,
Alameda Tacubaya,19.401473,-99.185882,Metro/Metrobús,
De La Salle,19.4090200863265,-99.1834667351685,Metro/Metrobús,
De La Salle,19.4083683433015,-99.18420775806,Metro/Metrobús,
Chapultepec,19.4240611808285,-99.1742584830995,Metro/Metrobús,
La Diana,19.4256682899915,-99.1708919701395,Metro/Metrobús,
El Ángel,19.4266862593866,-99.1686436204126,Metro/Metrobús,
El Ahuehuete,19.4284977639794,-99.1648342506882,Metro/Metrobús,
Hamburgo,19.4300487645931,-99.1615048094483,Metro/Metrobús,
Reforma,19.4314334434356,-99.158705393612,Metro/Metrobús,
París,19.4326618198906,-99.1559580785714,Metro/Metrobús,
Ciudad Azteca,19.5342996,-99.0272102,Mexibús,Ecatepec de Morelos
Quinto Sol,19.5394989,-99.0251516,Mexibús,Ecatepec de Morelos
Industrial,19.5499929,-99.0205722,Mexibús,Ecatepec de Morelos
UNITEC,19.5539732,-99.019413,Mexibús,Ecatepec de Morelos
A. Torres,19.5582838,-99.0173465,Mexibús,Ecatepec de Morelos
Josefa Ortiz,19.5462788,-99.0221777,Mexibús,Ecatepec de Morelos
Zodíaco,19.5632148,-99.0152467,Mexibús,Ecatepec de Morelos
Vocacional 3,19.5697054,-99.0176823,Mexibús,Ecatepec de Morelos
1° de Mayo,19.5881267,-99.0243807,Mexibús,Ecatepec de Morelos
Adolfo López Mateos,19.5670698,-99.015511,Mexibús,Ecatepec de Morelos
Valle de Ecatepec,19.5730698,-99.0207918,Mexibús,Ecatepec de Morelos
Josefa Ortiz,19.5465029,-99.0227447,Mexibús,Ecatepec de Morelos
Industrial,19.5503166,-99.0210991,Mexibús,Ecatepec de Morelos
Quinto Sol,19.5397187,-99.0256796,Mexibús,Ecatepec de Morelos
Las Américas,19.580554,-99.0244319,Mexibús,Ecatepec de Morelos
UNITEC,19.5548341,-99.0190486,Mexibús,Ecatepec de Morelos
Vocacional 3,19.570439,-99.0182918,Mexibús,Ecatepec de Morelos
1° de Mayo,19.5873459,-99.0248947,Mexibús,Ecatepec de Morelos
Ciudad Azteca,19.5352379,-99.0275168,Mexibús,Ecatepec de Morelos
Hospital,19.5952321,-99.019663,Mexibús,Ecatepec de Morelos
Hospital,19.5944534,-99.0201835,Mexibús,Ecatepec de Morelos
24 Ojo de Agua,19.6616256,-99.0014809,Mexibús,Tecámac
Rayito de Sol,19.4065971,-99.0038076,Mexibús,Chimalhuacán
19 de Septiembre,19.6105712,-99.0092948,Mexibús,Ecatepec de Morelos
Palomas,19.607328,-99.0115044,Mexibús,Ecatepec de Morelos
Jardines de Morelos,19.6011168,-99.0158501,Mexibús,Ecatepec de Morelos
Jardines de Morelos,19.6003297,-99.0164025,Mexibús,Ecatepec de Morelos
Aquiles Serdán,19.5984804,-99.0179056,Mexibús,Ecatepec de Morelos
Insurgentes,19.625216,-99.0033233,Mexibús,Ecatepec de Morelos
Insurgentes,19.6260588,-99.0029723,Mexibús,Ecatepec de Morelos
(Cerrada) Las Torres,19.6286316,-99.0023126,Mexibús,Ecatepec de Morelos
(Cerrada) Las Torres,19.6295422,-99.0021373,Mexibús,Ecatepec de Morelos
Hidalgo,19.6330283,-99.0020854,Mexibús,Ecatepec de Morelos
Hidalgo,19.6339514,-99.0020642,Mexibús,Ecatepec de Morelos
Cuauhtémoc Sur,19.6380044,-99.0026218,Mexibús,Ecatepec de Morelos
Cuauhtémoc Norte,19.6460865,-99.004974,Mexibús,Ecatepec de Morelos
Cuauhtémoc Norte,19.6469991,-99.0051398,Mexibús,Ecatepec de Morelos
Mariscala-Real del Bosque,19.6288619,-99.135976,Mexibús,
Chilpan,19.6146809,-99.1808111,Mexibús,
Ecatepec,19.6116301,-99.0593532,Mexibús,Ecatepec de Morelos
DIF,19.6140839,-99.0610717,Mexibús,Ecatepec de Morelos
La Laguna,19.6271717,-99.080694,Mexibús,Ecatepec de Morelos
San Carlos,19.6247904,-99.0769642,Mexibús,Ecatepec de Morelos
Vidrieria,19.606411,-99.1822504,Mexibús,
Parque Residencial,19.6299369,-99.0864425,Mexibús,Ecatepec de Morelos
Bosques del Valle,19.6326814,-99.1193801,Mexibús,
Coacalco-Berriozábal,19.6308181,-99.124551,Mexibús,
Venustiano Carranza,19.6200944,-99.0695302,Mexibús,Ecatepec de Morelos
Bandera Tultitlan,19.6220699,-99.1629897,Mexibús,
Villas de San José,19.6296318,-99.1312353,Mexibús,
Fuentes del Valle,19.6279646,-99.140126,Mexibús,
Fovissste,19.6217885,-99.0721039,Mexibús,Ecatepec de Morelos
Eje 8,19.6315712,-99.0907042,Mexibús,Ecatepec de Morelos
Las Flores-Zacuautitla,19.6339047,-99.0968486,Mexibús,Ecatepec de Morelos
Cartagena,19.624874,-99.1521133,Mexibús,
Buenavista,19.6208198,-99.16778,Mexibús,
Ciudad Labor,19.6087435,-99.1818462,Mexibús,
Lechería,19.5994962,-99.183481,Mexibús,
Guadalupe Victoria,19.6188078,-99.06739,Mexibús,Ecatepec de Morelos
Recursos Hidráulicos,19.6172047,-99.1788942,Mexibús,
COCEM,19.6198504,-99.1715877,Mexibús,
UPE,19.6019098,-99.0418094,Mexibús,Ecatepec de Morelos
Santa Maria,19.6301474,-99.1279943,Mexibús,
De la Cruz-San Mateo,19.6260495,-99.1478198,Mexibús,
1a. de Villa,19.6325562,-99.093032,Mexibús,Ecatepec de Morelos
San Francisco,19.6353551,-99.1034011,Mexibús,Ecatepec de Morelos
Heroes-Canosas,19.6357383,-99.1060757,Mexibús,Ecatepec de Morelos
Exhacienda San Felipe,19.6336036,-99.116949,Mexibús,Ecatepec de Morelos
La Quebrada,19.5918843,-99.1881655,Mexibús,
San Cristobal,19.6041326,-99.0460688,Mexibús,Ecatepec de Morelos
Puente de Fierro,19.6009589,-99.0337381,Mexibús,Ecatepec de Morelos
Issemym,19.6071901,-99.0512956,Mexibús,Ecatepec de Morelos
Agricultura,19.6056017,-99.0487585,Mexibús,Ecatepec de Morelos
San Martin,19.5958029,-99.0307399,Mexibús,Ecatepec de Morelos
1o. de Mayo,19.5936283,-99.0294048,Mexibús,Ecatepec de Morelos
Las Américas,19.5898917,-99.0240704,Mexibús,Ecatepec de Morelos
El Carmen,19.6087289,-99.0545796,Mexibús,Ecatepec de Morelos
Esmeralda,19.6516824,-99.0050676,Mexibús,Ecatepec de Morelos
Las Mañanitas,19.4105522,-99.0016954,Mexibús,Chimalhuacán
Rancho Grande,19.4150361,-98.9992906,Mexibús,Chimalhuacán
Coacalco-Tultepec,19.6351369,-99.1129063,Mexibús,Ecatepec de Morelos
Pantitlán,19.4172172,-99.0720932,Mexibús,
Siervo de la Nación,19.5711221,-99.0432797,Mexibús,Ecatepec de Morelos
5ta. Aparición,19.5622122,-99.0468262,Mexibús,Ecatepec de Morelos
Vía Morelos,19.5308126,-99.0754376,Mexibús,
Indios Verdes,19.4965442,-99.1190391,Mexibús,
Martín Carrera,19.5209632,-99.0928292,Mexibús,
Revolución,19.6310371,-99.0149094,Mexibús,Ecatepec de Morelos
Flores,19.633057,-99.0283767,Mexibús,Ecatepec de Morelos
Bosques,19.6341055,-99.0353469,Mexibús,Ecatepec de Morelos
Ejido Santo Tomás,19.6301772,-99.0077578,Mexibús,Ecatepec de Morelos
Puente de Fierro,19.6035542,-99.0333429,Mexibús,Ecatepec de Morelos
Izcalli Palomas,19.6125752,-99.0193088,Mexibús,Ecatepec de Morelos
Terminal Mexibús Mexicable,19.5399219,-99.0587572,Mexibús,Ecatepec de Morelos
Universidad Mexiquense del Bicentenario,19.6366689,-99.0480483,Mexibús,Ecatepec de Morelos
Santa María Chiconautla,19.6296379,-99.0042587,Mexibús,Ecatepec de Morelos
Margarito F. Ayala,19.6316604,-99.019125,Mexibús,Ecatepec de Morelos
25 Loma Bonita,19.6683038,-99.0039872,Mexibús,Tecámac
26 Ozumbilla,19.6807748,-98.9955864,Mexibús,Tecámac
27 San Francisco,19.688488,-98.9882816,Mexibús,Tecámac
Quetzalcóatl,19.7005268,-98.9802432,Mexibús,Tecámac
28 Tecámac,19.7114831,-98.9749544,Mexibús,Tecámac
29 Glorieta Militar,19.749264,-98.9777656,Mexibús,Tecámac
32 Terminal de Pasajeros,19.7361035,-99.0268059,Mexibús,Tecámac
La Redonda,19.7349341,-98.9717298,Mexibús,Tecámac
Veracruz,19.5934292,-99.0212059,Mexibús,Ecatepec de Morelos
Matamoros,19.5957077,-99.0197087,Mexibús,Ecatepec de Morelos
Monumento a la Familia,19.6040273,-99.0145315,Mexibús,Ecatepec de Morelos
Río de los Remedios,19.5064178,-99.0859087,Mexibús,
León de los Aldama,19.5019765,-99.0738912,Mexibús,
Centro Cultural,19.5790931,-99.0228146,Mexibús,Ecatepec de Morelos
Paseo Ventura,19.5828491,-99.0207558,Mexibús,Ecatepec de Morelos
Libertadores de America,19.5866424,-99.0216265,Mexibús,Ecatepec de Morelos
Lechería (Servicio Exprés),19.598438,-99.1846954,Mexibús,
